[
  {
    "id": "bd1c28a6-c7fc-4461-a984-ca3a05bfa6a9",
    "data": [
      {
        "text": "Deserts and drinks",
        "userDefined": false
      }
    ],
    "isTemplate": false,
    "count": 0,
    "lang": "en",
    "updated": 0
  },
  {
    "id": "4ec3139e-2e11-4b01-9c4c-7b6da51edea7",
    "data": [
      {
        "text": "Drinks and deserts",
        "userDefined": false
      }
    ],
    "isTemplate": false,
    "count": 0,
    "lang": "en",
    "updated": 0
  },
  {
    "id": "0ebefb7c-731d-4d4e-a74f-e7b236948960",
    "data": [
      {
        "text": "Deserts",
        "userDefined": false
      }
    ],
    "isTemplate": false,
    "count": 0,
    "lang": "en",
    "updated": 0
  },
  {
    "id": "3f07cd3d-008a-487d-bc26-e641a52869a8",
    "data": [
      {
        "text": "Drinks",
        "userDefined": false
      }
    ],
    "isTemplate": false,
    "count": 0,
    "lang": "en",
    "updated": 0
  }
]