[
  {
    "id": "028ddd87-0a47-4276-8961-4e9f7a950768",
    "data": [
      {
        "text": "chocolate ice cream",
        "userDefined": false
      }
    ],
    "isTemplate": false,
    "count": 0,
    "lang": "en",
    "updated": 0
  },
  {
    "id": "ab4405c8-8f80-4b5c-94ce-e2c1046f1ba7",
    "data": [
      {
        "text": "vanilla",
        "meta": "@sys.color",
        "alias": "color",
        "userDefined": false
      },
      {
        "text": " ice cream",
        "userDefined": false
      }
    ],
    "isTemplate": false,
    "count": 0,
    "lang": "en",
    "updated": 0
  },
  {
    "id": "917e9179-1029-41ad-be89-a03b565db534",
    "data": [
      {
        "text": "strawberry ice cream",
        "userDefined": false
      }
    ],
    "isTemplate": false,
    "count": 0,
    "lang": "en",
    "updated": 0
  },
  {
    "id": "4a237c21-fad9-445b-ba0e-d41abb4b0e51",
    "data": [
      {
        "text": "mango ice cream",
        "userDefined": false
      }
    ],
    "isTemplate": false,
    "count": 0,
    "lang": "en",
    "updated": 0
  },
  {
    "id": "08ce86ab-d786-4df9-9c70-2e183591fb8a",
    "data": [
      {
        "text": "ice cream",
        "userDefined": false
      }
    ],
    "isTemplate": false,
    "count": 0,
    "lang": "en",
    "updated": 0
  }
]