[
  {
    "id": "a985626a-59a1-4190-8a58-97f023f58891",
    "data": [
      {
        "text": "peach",
        "userDefined": false
      },
      {
        "text": " ice lemonade",
        "userDefined": false
      }
    ],
    "isTemplate": false,
    "count": 0,
    "lang": "en",
    "updated": 0
  },
  {
    "id": "4dd8778b-de57-4bf2-b5fa-1f2021d2a9ad",
    "data": [
      {
        "text": "lemonade",
        "userDefined": false
      }
    ],
    "isTemplate": false,
    "count": 0,
    "lang": "en",
    "updated": 0
  }
]