[
  {
    "id": "5dbe4343-5d4a-4534-a7f6-d9296826a395",
    "data": [
      {
        "text": "seven up",
        "meta": "@drink",
        "alias": "drink",
        "userDefined": true
      }
    ],
    "isTemplate": false,
    "count": 0,
    "lang": "en",
    "updated": 0
  },
  {
    "id": "3fe2ce2a-ecc9-4b38-b597-3ae5be3fead3",
    "data": [
      {
        "text": "thumbs up",
        "meta": "@drink",
        "alias": "drink",
        "userDefined": true
      }
    ],
    "isTemplate": false,
    "count": 0,
    "lang": "en",
    "updated": 0
  },
  {
    "id": "394fb99b-82d7-4d7f-9a75-6f7f577094b8",
    "data": [
      {
        "text": "soda",
        "meta": "@drink",
        "alias": "drink",
        "userDefined": true
      }
    ],
    "isTemplate": false,
    "count": 0,
    "lang": "en",
    "updated": 0
  },
  {
    "id": "9b30b015-02c6-410a-9b04-f1c791a89396",
    "data": [
      {
        "text": "fanta",
        "meta": "@drink",
        "alias": "drink",
        "userDefined": true
      }
    ],
    "isTemplate": false,
    "count": 0,
    "lang": "en",
    "updated": 0
  },
  {
    "id": "09055172-d7d0-46a7-b13d-e67f1ef24835",
    "data": [
      {
        "text": "limca",
        "meta": "@drink",
        "alias": "drink",
        "userDefined": true
      }
    ],
    "isTemplate": false,
    "count": 0,
    "lang": "en",
    "updated": 0
  },
  {
    "id": "4961fc67-7589-42f6-bb07-de6a0e1ec359",
    "data": [
      {
        "text": "sprite",
        "meta": "@drink",
        "alias": "drink",
        "userDefined": true
      }
    ],
    "isTemplate": false,
    "count": 0,
    "lang": "en",
    "updated": 0
  },
  {
    "id": "184ccecf-2888-4389-95a5-ba33bda9c980",
    "data": [
      {
        "text": "coke",
        "meta": "@drink",
        "alias": "drink",
        "userDefined": true
      }
    ],
    "isTemplate": false,
    "count": 0,
    "lang": "en",
    "updated": 0
  }
]